file,method,orig,size,ctime,dtime,roundtrip
01_quad,gzip -9,1600000,739345,1.64,,ok
01_quad,bzip2 -9,1600000,887418,0.11,,ok
01_quad,zstd -22 --long,1600000,581150,0.41,,ok
01_quad,brotli -11,1600000,589596,5.28,,ok
01_quad,xz -6,1600000,543328,0.46,,ok
01_quad,xz -9e,1600000,543328,0.51,,ok
01_quad,TRIAD -1,1600000,584066,6.82,6.41,ok
01_quad,TRIAD -2,1600000,783,55.78,2.54,ok
01_quad,TRIAD -3,1600000,847,163.71,1.65,ok
02_arith_rnd,gzip -9,1600000,655711,0.18,,ok
02_arith_rnd,bzip2 -9,1600000,1038909,0.14,,ok
02_arith_rnd,zstd -22 --long,1600000,533221,0.39,,ok
02_arith_rnd,brotli -11,1600000,530547,3.23,,ok
02_arith_rnd,xz -6,1600000,510160,0.42,,ok
02_arith_rnd,xz -9e,1600000,510504,0.40,,ok
02_arith_rnd,PPMd o16,1600000,1038060,0.54,0.68,ok
02_arith_rnd,TRIAD -1,1600000,459069,9.33,9.36,ok
02_arith_rnd,TRIAD -2,1600000,439282,69.88,1.95,ok
02_arith_rnd,TRIAD -3,1600000,438908,206.80,2.72,ok
03_json,gzip -9,2976648,381564,0.21,,ok
03_json,bzip2 -9,2976648,242723,0.31,,ok
03_json,zstd -22 --long,2976648,296493,1.54,,ok
03_json,brotli -11,2976648,292395,4.87,,ok
03_json,xz -6,2976648,293192,1.15,,ok
03_json,xz -9e,2976648,290920,1.60,,ok
03_json,PPMd o16,2976648,225494,0.25,0.25,ok
03_json,TRIAD -1,2976648,166681,5.37,5.24,ok
03_json,TRIAD -2,2976648,153957,50.44,4.27,ok
03_json,TRIAD -3,2976648,146665,171.24,5.11,ok
04_repeat,gzip -9,2000070,8975,0.01,,ok
04_repeat,bzip2 -9,2000070,2237,0.46,,ok
04_repeat,zstd -22 --long,2000070,376,0.02,,ok
04_repeat,brotli -11,2000070,209,0.02,,ok
04_repeat,xz -6,2000070,640,0.05,,ok
04_repeat,xz -9e,2000070,640,0.10,,ok
04_repeat,PPMd o16,2000070,979,0.09,0.06,ok
04_repeat,TRIAD -1,2000070,1259,3.46,3.48,ok
04_repeat,TRIAD -2,2000070,1349,42.93,2.53,ok
04_repeat,TRIAD -3,2000070,1403,157.35,2.79,ok
05_random,gzip -9,1000000,1000328,0.02,,ok
05_random,bzip2 -9,1000000,1004909,0.11,,ok
05_random,zstd -22 --long,1000000,1000033,0.08,,ok
05_random,brotli -11,1000000,1000005,0.31,,ok
05_random,xz -6,1000000,1000108,0.20,,ok
05_random,xz -9e,1000000,1000108,0.25,,ok
05_random,TRIAD -1,1000000,1000017,3.16,0.01,ok
05_random,TRIAD -2,1000000,1000017,77.00,0.01,ok
05_random,TRIAD -3,1000000,1000017,296.13,0.01,ok
06_gzipped,gzip -9,1505241,1505719,0.03,,ok
06_gzipped,bzip2 -9,1505241,1512573,0.17,,ok
06_gzipped,zstd -22 --long,1505241,1505286,0.15,,ok
06_gzipped,brotli -11,1505241,1505246,0.84,,ok
06_gzipped,xz -6,1505241,1505376,0.31,,ok
06_gzipped,xz -9e,1505241,1505376,0.38,,ok
06_gzipped,PPMd o16,1505241,1539463,0.59,0.83,ok
06_gzipped,TRIAD -1,1505241,1505258,5.10,0.01,ok
06_gzipped,TRIAD -2,1505241,1505258,84.51,0.01,ok
06_gzipped,TRIAD -3,1505241,1505258,289.36,0.01,ok
07_source,gzip -9,3006237,722177,0.41,,ok
07_source,bzip2 -9,3006237,604184,0.20,,ok
07_source,zstd -22 --long,3006237,582288,1.15,,ok
07_source,brotli -11,3006237,567137,5.34,,ok
07_source,xz -6,3006237,571692,1.09,,ok
07_source,xz -9e,3006237,571064,1.47,,ok
07_source,PPMd o16,3006237,503811,0.51,0.59,ok
07_source,TRIAD -1,3006237,449413,5.97,5.98,ok
07_source,TRIAD -2,3006237,438455,55.01,5.80,ok
07_source,TRIAD -3,3006237,427899,204.31,6.23,ok
08_quad_text,gzip -9,2253751,906201,0.33,,ok
08_quad_text,bzip2 -9,2253751,892308,0.15,,ok
08_quad_text,zstd -22 --long,2253751,589787,2.80,,ok
08_quad_text,brotli -11,2253751,562515,5.46,,ok
08_quad_text,xz -6,2253751,362516,1.38,,ok
08_quad_text,xz -9e,2253751,446468,2.93,,ok
08_quad_text,PPMd o16,2253751,893262,0.57,0.71,ok
08_quad_text,TRIAD -1,2253751,584842,4.54,4.62,ok
08_quad_text,TRIAD -2,2253751,267898,44.84,4.05,ok
08_quad_text,TRIAD -3,2253751,129158,139.76,4.02,ok
09_csv,gzip -9,1307565,285386,0.26,,ok
09_csv,bzip2 -9,1307565,221593,0.07,,ok
09_csv,zstd -22 --long,1307565,228878,0.56,,ok
09_csv,brotli -11,1307565,221064,2.24,,ok
09_csv,xz -6,1307565,194484,0.52,,ok
09_csv,xz -9e,1307565,195348,0.71,,ok
09_csv,PPMd o16,1307565,226528,0.19,0.21,ok
09_csv,TRIAD -1,1307565,111817,2.88,2.96,ok
09_csv,TRIAD -2,1307565,100602,48.30,2.44,ok
09_csv,TRIAD -3,1307565,91452,174.15,2.17,ok
10_records,gzip -9,1600000,791738,0.51,,ok
10_records,bzip2 -9,1600000,572919,0.11,,ok
10_records,zstd -22 --long,1600000,440052,0.71,,ok
10_records,brotli -11,1600000,295868,6.74,,ok
10_records,xz -6,1600000,214588,0.72,,ok
10_records,xz -9e,1600000,214284,0.75,,ok
10_records,PPMd o16,1600000,582105,0.42,0.51,ok
10_records,TRIAD -1,1600000,316894,4.33,4.34,ok
10_records,TRIAD -2,1600000,111602,51.46,2.60,ok
10_records,TRIAD -3,1600000,111688,173.68,2.33,ok
